baralho,id,carta,tag,peso_carta,peso_tag,peso_total,media,mediana,moda,moda_pct,desvio,p10,p90,pct_5_primeiras,pct_5_ultimas,pos_1,pos_2,pos_3,pos_4,pos_5,pos_6,pos_7,pos_8,pos_9,pos_10,pos_11,pos_12,pos_13,pos_14,pos_15,pos_16,pos_17,pos_18,pos_19,pos_20,pos_21,pos_22,pos_23,pos_24,pos_25,pos_26,pos_27,pos_28,pos_29,pos_30,pos_31,pos_32,pos_33,pos_34,pos_35,pos_36,pos_37,pos_38,pos_39,pos_40,pos_41,pos_42,pos_43,pos_44
"Cartas Eróticas","2","Simule penetração com a roupa, fazendo movimentos intensos no colo do parceiro.","30 sec",-0.18,-0.1,-0.28,10.00,9,2,12.00,7.07,2,21,34.00,8.00,3,6,2,3,3,4,2,2,1,1,2,3,4,2,2,1,2,1,0,0,1,1,0,1,2,1,0,,,,,,,,,,,,,,,,,
"Cartas Eróticas","17","Chupe o dedo do parceiro como se estivesse fazendo sexo oral.","30 sec",-0.17,-0.1,-0.27,10.00,9,5,12.00,6.32,2,18,34.00,2.00,3,3,4,1,6,3,1,3,2,0,3,4,2,0,2,1,5,3,1,1,0,1,0,0,1,0,0,,,,,,,,,,,,,,,,,
"Cartas Eróticas","15","Beije e morda levemente as nádegas do parceiro, depois lamba intensamente.","30 sec",-0.13,-0.1,-0.23,10.92,10,2,10.00,7.99,2,25,38.00,12.00,3,5,4,3,4,1,2,2,1,2,1,1,2,1,4,1,3,1,1,1,1,0,0,0,2,2,2,,,,,,,,,,,,,,,,,
"Cartas Eróticas","28","Deite-se e deixe o parceiro usar o corpo inteiro para se esfregar em você.","30 sec",-0.15,-0.1,-0.25,11.32,10,2,12.00,7.98,2,24,32.00,12.00,3,6,1,2,4,1,4,3,1,2,2,1,2,0,3,1,1,0,2,1,1,3,0,3,1,1,1,,,,,,,,,,,,,,,,,
"Cartas Eróticas","3","Chupe o mamilo do parceiro enquanto estimula com a mão entre as pernas.","30 sec",-0.05,-0.1,-0.15,11.68,11,1,8.00,7.99,2,23,30.00,16.00,4,2,4,3,2,4,1,1,1,3,2,1,1,4,1,2,1,0,2,1,1,1,3,1,2,1,1,,,,,,,,,,,,,,,,,
"Cartas Eróticas","31","Pincele.","40 sec",-0.14,0,-0.14,11.98,12,7,10.00,6.54,4,21,12.00,8.00,3,0,1,2,0,4,5,3,2,3,2,4,4,1,1,4,0,1,3,1,1,1,1,0,1,1,1,,,,,,,,,,,,,,,,,
"Cartas Eróticas","1","Lamba lentamente a genitália do parceiro, usando só a ponta da língua.","30 sec",0.03,-0.1,-0.07,12.14,12,4,8.00,7.32,3,22,26.00,6.00,3,2,3,4,1,1,3,1,2,3,0,3,0,3,3,2,2,2,2,2,1,4,0,2,0,0,1,,,,,,,,,,,,,,,,,
"Cartas Eróticas","26","Lamba a parte interna das coxas do parceiro lentamente até ele(a) implorar por mais.","30 sec",-0.13,-0.1,-0.23,12.22,12,19,10.00,6.53,4,21,16.00,6.00,3,1,1,2,1,3,4,2,3,0,3,4,3,1,0,4,2,0,5,2,3,0,1,2,0,0,0,,,,,,,,,,,,,,,,,
"Cartas Eróticas","5","Lamba o parceiro da nuca até a virilha, sem pular nenhuma parte.","40 sec",-0.14,0,-0.14,12.48,12,8,10.00,7.09,4,22,16.00,10.00,2,1,2,3,0,3,3,5,2,2,2,0,3,4,3,0,2,1,0,2,3,2,2,1,0,0,2,,,,,,,,,,,,,,,,,
"Cartas Eróticas","8","Use a boca para molhar e estimular os testículos ou clitóris do parceiro.","30 sec",0.03,-0.1,-0.07,12.94,14,3,12.00,8.31,3,25,30.00,20.00,3,0,6,2,4,1,3,1,1,0,2,0,2,2,3,3,2,0,2,0,3,0,3,0,3,2,2,,,,,,,,,,,,,,,,,
"Cartas Eróticas","18","Introduza dois dedos no parceiro enquanto o masturba com a outra mão.","30 sec",0.1,-0.1,0.00,13.12,14,5,10.00,7.94,3,23,28.00,14.00,3,2,2,2,5,1,1,3,1,1,2,0,2,1,1,3,0,4,3,0,4,2,2,1,2,2,0,,,,,,,,,,,,,,,,,
"Cartas Eróticas","14","Masturbe o parceiro com as duas mãos enquanto beija o pescoço dele(a).","30 sec",-0.06,-0.1,-0.16,13.70,13,8,10.00,8.23,3,25,24.00,24.00,3,2,1,3,3,1,0,5,1,2,1,3,1,0,2,1,1,1,3,3,1,0,4,2,3,2,1,,,,,,,,,,,,,,,,,
"Cartas Eróticas","9","Sente-se sobre o rosto do parceiro para receber um oral intenso.","40 sec",0.08,0,0.08,13.84,13,10,12.00,7.22,5,24,12.00,16.00,1,3,0,1,1,4,2,0,1,6,2,2,3,2,3,2,1,1,0,4,1,2,2,2,1,1,2,,,,,,,,,,,,,,,,,
"Cartas Eróticas","7","Coloque-se de quatro e ofereça o corpo para o parceiro explorar à vontade.","40 sec",-0.03,0,-0.03,13.92,16,9,10.00,7.52,4,24,14.00,16.00,1,3,1,1,1,3,2,3,5,2,0,1,1,0,0,4,2,5,1,1,3,2,2,1,3,2,0,,,,,,,,,,,,,,,,,
"Cartas Eróticas","25","Realize sexo oral enquanto o parceiro filma com o celular.","40 sec",0.12,0,0.12,13.92,12,22,12.00,7.44,4,24,16.00,16.00,0,0,4,2,2,3,0,0,5,3,5,3,1,3,0,1,0,0,2,1,1,6,1,2,1,4,0,,,,,,,,,,,,,,,,,
"Cartas Eróticas","12","Fique totalmente nu e use os pés para tocar e masturbar o parceiro.","30 sec",0.2,-0.1,0.10,14.00,14,2,8.00,7.78,3,24,22.00,20.00,1,4,1,3,2,1,0,1,3,3,1,2,0,4,0,3,3,2,2,0,1,3,4,1,2,3,0,,,,,,,,,,,,,,,,,
"Cartas Eróticas","23","Masturbe-se na frente do parceiro até quase gozar.","",0,0,0.00,14.38,15,11,12.00,7.45,3,24,16.00,20.00,0,2,4,0,2,1,3,2,0,2,6,0,1,2,1,0,3,4,2,4,1,0,2,4,1,2,1,,,,,,,,,,,,,,,,,
"Cartas Eróticas","29","Fique em cima e realize a penetração com movimentos circulares, sem pressa.","40 sec",0.17,0,0.17,14.60,15,18,10.00,7.57,4,26,16.00,18.00,2,1,1,3,1,2,1,1,3,1,2,2,1,2,3,2,1,5,2,2,0,3,3,0,0,4,2,,,,,,,,,,,,,,,,,
"Cartas Eróticas","6","Introduza um dedo (ou brinquedo) no parceiro enquanto beija profundamente.","40 sec",0.09,0,0.09,15.38,16,24,10.00,7.94,3,25,16.00,32.00,2,3,2,0,1,1,0,2,2,2,0,3,2,1,3,3,1,2,2,2,0,0,4,5,5,1,1,,,,,,,,,,,,,,,,,
"Cartas Eróticas","11","Realize sexo oral com movimentos profundos e intensos.","40 sec",0.07,0,0.07,16.02,16,21,12.00,6.78,7,24,6.00,22.00,2,1,0,0,0,2,3,0,1,2,0,3,3,4,4,0,1,4,1,0,6,2,2,6,2,1,0,,,,,,,,,,,,,,,,,
"Cartas Eróticas","19","Sente-se no parceiro e comece uma penetração (real) bem lenta.","90 sec",0.17,0.1,0.27,16.28,17,27,14.00,8.16,5,27,14.00,28.00,1,1,1,2,2,0,3,4,0,1,1,0,0,3,2,3,4,2,0,2,4,0,0,1,1,5,7,,,,,,,,,,,,,,,,,
"Cartas Eróticas","27","Penetração com as pernas apoiadas nos ombros do parceiro.","90 sec",0.19,0.1,0.29,16.66,18,22,12.00,7.23,5,25,12.00,24.00,1,0,1,3,1,1,1,1,0,1,2,2,2,2,3,0,3,2,3,2,1,6,3,3,2,0,4,,,,,,,,,,,,,,,,,
"Cartas Eróticas","20","Coloque-se por cima e conduza o ritmo da penetração com intensidade.","90 sec",0.18,0.1,0.28,16.80,18,25,8.00,7.19,7,25,6.00,30.00,1,1,0,1,0,1,2,1,3,3,1,2,2,0,2,1,3,3,3,1,3,1,3,3,4,2,3,,,,,,,,,,,,,,,,,
"Cartas Eróticas","30","Finalizem com orgasmo real (ou cheguem o mais perto possível). Sem pausas.","40 sec",0.24,0,0.24,16.92,17,27,12.00,6.99,8,27,2.00,28.00,0,0,0,0,1,2,0,3,5,1,3,2,3,3,0,1,2,1,2,3,3,1,0,4,1,3,6,,,,,,,,,,,,,,,,,
"Cartas Eróticas","21","Escolha uma posição do Kama Sutra e execute com penetração intensa.","90 sec",0.19,0.1,0.29,17.38,20,20,14.00,7.95,4,26,14.00,28.00,1,0,3,3,0,0,2,0,3,0,1,1,2,1,0,0,1,3,1,7,1,6,1,1,4,3,5,,,,,,,,,,,,,,,,,
"Cartas Eróticas","16","Coloque o parceiro contra a parede, abaixe a roupa e provoque com penetração.","40 sec",0.15,0,0.15,17.58,19,16,10.00,6.57,8,26,6.00,30.00,0,0,1,0,2,0,2,1,0,2,3,2,2,1,0,5,2,1,5,3,2,1,3,2,3,5,2,,,,,,,,,,,,,,,,,
"Cartas Eróticas","24","Receba penetração por trás (estilo 'cachorrinho'), mantendo o olhar para trás.","90 sec",0.18,0.1,0.28,17.82,20,27,12.00,7.24,6,27,8.00,34.00,1,1,0,1,1,2,0,0,1,2,1,1,1,3,4,2,2,1,0,4,3,2,4,2,3,2,6,,,,,,,,,,,,,,,,,
"Baralho da Ousadia","68","De um beijo no seu parceiro e morda lentamente o lábio dele.","Beijo",-0.1,-0.1,-0.20,15.64,14,2,8.00,11.93,2,38,30.00,2.00,3,4,3,2,3,1,2,0,1,2,0,1,3,0,1,2,2,2,1,2,0,2,1,0,2,1,1,1,0,0,0,0,1,0,0,0,0,4,1,0,1,0,0,0
"Baralho da Ousadia","18","Com os dedos, encontre uma maneira de provocar arrepios no seu parceiro agora.","Provocação",-0.1,-0.15,-0.25,16.44,12,5,10.00,12.21,3,35,30.00,2.00,2,3,2,3,5,0,0,3,2,0,5,1,0,1,1,0,1,1,0,0,0,2,2,1,1,2,1,1,0,1,2,0,0,1,2,1,0,1,1,0,0,0,1,0
"Baralho da Ousadia","51","Falar o ato erótico que você mais gosta do seu parceiro.","Provocação",-0.18,-0.15,-0.33,17.26,17,1,6.00,11.12,3,33,18.00,4.00,3,1,2,3,0,1,2,1,2,1,1,2,0,2,1,2,3,2,2,2,1,2,2,1,0,0,1,0,0,1,1,1,3,1,0,0,0,0,1,1,0,1,0,0
"Baralho da Ousadia","44","Beije suavemente o lábio inferior do seu parceiro.","Beijo",-0.14,-0.1,-0.24,17.80,18,20,8.00,11.12,4,33,18.00,6.00,1,1,2,2,3,1,2,1,1,3,0,0,2,1,1,1,3,0,3,4,2,3,2,0,0,1,1,1,0,0,1,0,2,0,0,1,0,0,1,1,1,0,0,1
"Baralho da Ousadia","9","Fale no ouvido dele a coisa mais ousada que você gostaria de fazer esta noite.","Provocação",-0.16,-0.15,-0.31,18.04,19,1,10.00,11.52,2,32,22.00,0.00,5,3,1,2,0,0,1,1,0,3,0,1,1,2,3,1,0,0,3,0,1,0,0,1,3,5,2,3,2,0,1,0,0,0,0,0,3,2,0,0,0,0,0,0
"Baralho da Ousadia","74","De um beijo molhado no seu parceiro.","Beijo",-0.11,-0.1,-0.21,18.56,15,3,8.00,12.70,3,39,16.00,8.00,1,1,4,2,0,3,2,2,2,2,0,2,0,3,2,0,1,1,0,1,2,0,2,0,0,0,3,1,0,1,3,0,0,0,1,0,2,0,2,3,1,0,0,0
"Baralho da Ousadia","13","Toque suavemente o corpo do seu parceiro com o seu peito.","Provocação",-0.11,-0.15,-0.26,19.32,19,24,10.00,11.42,5,35,12.00,4.00,1,1,1,2,1,3,0,1,2,4,1,2,0,1,3,0,1,0,2,0,0,1,1,5,2,1,1,1,2,0,1,1,1,0,2,0,2,1,0,1,0,1,0,0
"Baralho da Ousadia","55","Seduza seu parceiro com os dedos.","Provocação",-0.06,-0.15,-0.21,19.70,19,5,10.00,11.74,5,36,18.00,4.00,1,0,1,2,5,1,0,1,0,1,3,4,1,1,1,0,1,2,2,1,0,1,1,1,0,3,2,0,0,1,1,4,0,1,1,1,2,1,0,0,1,1,0,0
"Baralho da Ousadia","49","Faça o que quiser com a bunda do seu parceiro. Não tenha pressa.","Provocação",0.1,-0.15,-0.05,20.04,18,2,6.00,14.19,3,39,20.00,10.00,2,3,3,0,2,2,0,2,1,3,0,3,2,0,1,0,1,3,1,0,1,0,0,1,0,0,1,0,0,0,2,0,2,0,2,3,1,1,2,0,2,2,0,1
"Baralho da Ousadia","77","Sente-se no colo do seu parceiro até a próxima turno.","Provocação",-0.03,-0.15,-0.18,20.06,19,4,8.00,13.12,4,37,18.00,8.00,1,3,1,4,0,1,1,1,1,3,0,1,3,2,0,2,0,0,2,1,2,1,1,0,0,1,2,1,0,0,1,2,0,0,3,3,1,1,0,0,1,1,1,1
"Baralho da Ousadia","52","Chupe o polegar do seu parceiro como se fosse um pirulito gostoso.","Provocação",-0.04,-0.15,-0.19,20.14,21,25,8.00,12.92,4,38,20.00,4.00,1,2,2,2,3,3,1,1,0,0,2,1,1,0,1,1,2,1,0,1,1,0,1,1,4,2,0,0,0,3,0,1,0,2,2,2,0,2,2,0,1,0,1,0
"Baralho da Ousadia","19","Faça um elogio sincero para o corpo do seu parceiro.","Provocação",-0.2,-0.15,-0.35,20.18,19,11,8.00,12.08,5,36,12.00,2.00,0,3,2,0,1,0,2,0,3,3,4,1,3,0,1,1,0,1,0,1,2,1,0,0,1,1,1,1,2,1,1,0,1,2,4,1,1,3,0,1,0,0,0,0
"Baralho da Ousadia","11","Escolha três partes do seu corpo para seu parceiro tocar e beijar.","Beijo",0,-0.1,-0.10,20.22,19,33,12.00,12.34,4,34,16.00,8.00,1,1,2,2,2,1,1,1,3,0,1,2,1,2,1,1,2,1,0,1,0,2,1,0,3,0,0,2,0,3,1,0,6,1,0,0,1,0,0,1,0,1,1,1
"Baralho da Ousadia","41","Coloque bebida no corpo do seu parceiro e lamba.","Provocação",0.05,-0.15,-0.10,20.46,19,32,8.00,13.39,4,40,18.00,12.00,2,3,0,2,2,1,2,2,0,0,1,1,2,2,2,2,0,1,2,0,2,0,1,0,0,0,2,2,0,0,1,4,0,1,0,0,2,1,1,2,2,1,1,0
"Baralho da Ousadia","53","Pegue um cubo de gelo e passe-o para cima e para baixo no corpo do seu parceiro até que derreta.","Provocação",0.02,-0.15,-0.13,20.76,23,29,8.00,11.83,4,36,12.00,2.00,3,1,1,1,0,2,2,0,1,1,3,0,1,1,1,1,2,0,3,0,0,0,3,0,3,1,1,1,4,1,2,0,0,3,1,2,1,0,2,0,0,1,0,0
"Baralho da Ousadia","48","Beije seu parceiro como se estivesse em um filme em câmera lenta.","Beijo",-0.12,-0.1,-0.22,20.80,21,1,6.00,11.78,3,36,16.00,4.00,3,0,3,0,2,1,0,0,2,2,0,0,0,2,1,0,3,1,2,2,2,1,2,2,1,3,0,2,1,0,0,2,1,0,2,2,1,1,1,0,0,1,1,0
"Baralho da Ousadia","28","Beije a barriga do seu parceiro.","Beijo",-0.07,-0.1,-0.17,21.02,19,5,6.00,12.48,6,39,10.00,8.00,0,1,0,1,3,2,2,2,2,0,2,1,1,2,1,2,2,1,2,1,0,1,1,1,1,0,1,0,1,1,0,1,2,1,2,1,0,2,2,2,0,1,0,1
"Baralho da Ousadia","30","Chupe os mamilos do seu parceiro por pelo menos 2 minutos.","Beijo",0.1,-0.1,0.00,21.18,22,1,6.00,11.71,4,35,14.00,4.00,3,1,1,1,1,0,1,1,2,1,1,0,2,1,0,2,1,2,0,1,2,2,0,1,0,3,3,0,3,2,2,0,3,1,1,2,0,0,1,0,0,1,0,1
"Baralho da Ousadia","37","Acaricie as coxas do seu parceiro por 30 segundos.","Provocação",-0.08,-0.15,-0.23,21.50,21,17,8.00,11.62,7,38,8.00,8.00,1,0,2,1,0,1,1,3,1,0,0,2,2,0,0,3,4,1,2,0,3,2,1,2,1,2,0,1,1,2,0,0,1,2,0,1,0,2,1,0,0,1,2,1
"Baralho da Ousadia","40","Nos próximos dois minutos, você está no comando. Diga ao seu parceiro o que você quer que ele faça.","Domínio",-0.05,0,-0.05,21.56,20,4,6.00,12.62,5,41,14.00,12.00,1,1,0,3,2,0,2,1,2,1,1,1,0,0,0,3,2,3,2,1,1,1,0,0,1,2,3,0,1,2,3,0,0,1,0,1,1,0,1,0,1,1,2,2
"Baralho da Ousadia","5","Coloque uma venda nos olhos, estenda a língua e tente adivinhar qual parte do corpo ele encosta na sua língua.","Provocação",0.01,-0.15,-0.14,21.64,22,32,12.00,12.36,5,39,14.00,10.00,0,1,1,3,2,1,2,0,2,0,1,0,1,1,4,1,0,1,0,2,1,5,0,2,0,1,0,1,0,0,2,6,1,0,0,0,1,1,1,1,1,0,2,1
"Baralho da Ousadia","57","Beije seu parceiro sem tocá-lo.","Beijo",-0.13,-0.1,-0.23,21.64,20,6,8.00,13.11,6,39,8.00,10.00,3,0,0,0,1,4,2,1,1,1,2,0,1,2,2,1,1,1,1,2,1,0,1,2,0,0,1,2,2,1,0,0,0,1,2,1,2,1,2,0,1,1,2,1
"Baralho da Ousadia","29","Lamba seu parceiro, começando pelo pescoço até a borda da roupa íntima.","Provocação",0.06,-0.15,-0.09,22.06,23,29,8.00,11.72,7,38,8.00,10.00,0,0,1,3,0,0,2,2,1,1,2,2,3,0,0,1,2,3,0,1,0,1,0,2,2,2,1,1,4,1,0,0,0,2,0,1,2,2,0,2,3,0,0,0
"Baralho da Ousadia","17","Você tem que experimentar a roupa íntima dele na frente dele.","Provocação",0.09,-0.15,-0.06,22.40,22,34,8.00,13.25,5,39,14.00,8.00,0,3,0,1,3,1,2,1,0,1,1,3,1,2,1,0,1,0,0,1,3,0,2,2,0,0,0,0,2,1,0,1,0,4,1,4,2,0,2,0,1,0,0,3
"Baralho da Ousadia","62","Chupe a parte favorita do corpo do seu parceiro.","Beijo",0.06,-0.1,-0.04,22.78,24,25,10.00,11.56,8,39,0.00,10.00,0,0,0,0,0,1,4,2,3,3,0,1,0,3,0,1,0,0,2,3,1,0,1,0,5,0,1,4,0,0,1,2,1,1,0,2,2,0,1,1,2,0,1,1
"Baralho da Ousadia","76","Jogue os próximos 2 turnos em topless.","Despir",0.09,0.1,0.19,23.18,21,16,8.00,13.14,6,41,8.00,20.00,1,0,1,0,2,2,2,1,1,0,0,1,1,2,3,4,1,1,0,1,2,1,1,2,1,0,0,0,1,1,1,0,1,1,0,0,0,2,2,3,3,1,3,0
"Baralho da Ousadia","65","Deixe seu parceiro dar um comando simples para você seguir por 1 minuto.","Domínio",-0.12,0,-0.12,23.80,26,32,8.00,11.69,8,36,4.00,6.00,0,1,0,1,0,2,1,2,2,0,2,2,0,2,1,0,0,1,2,1,0,1,1,1,2,2,3,0,0,0,1,4,1,3,2,4,0,0,2,0,1,0,1,1
"Baralho da Ousadia","31","Mostre seus seios.","Despir",0.03,0.1,0.13,24.04,24,33,10.00,11.93,8,39,6.00,10.00,0,1,1,0,1,2,0,1,3,1,0,0,2,1,0,1,0,3,2,2,1,1,2,0,1,0,4,0,0,1,2,0,5,1,2,2,1,0,1,0,0,2,0,3
"Baralho da Ousadia","36","Estimule duas partes do seu parceiro ao mesmo tempo usando as mãos e a boca.","Provocação",0.13,-0.15,-0.02,24.10,25,33,8.00,12.70,6,40,8.00,12.00,1,2,1,0,0,2,1,2,0,1,0,1,2,0,2,1,0,0,2,2,1,1,0,3,1,2,0,1,0,2,0,1,4,0,4,0,1,0,3,2,0,1,2,1
"Baralho da Ousadia","69","Lamba todas as partes do corpo do seu parceiro.","Beijo",0.13,-0.1,0.03,24.10,24,3,8.00,14.26,3,43,20.00,20.00,1,2,4,1,2,0,0,0,0,0,2,1,1,1,1,1,1,1,0,0,3,0,3,1,1,1,0,0,0,0,1,1,1,3,1,3,1,1,0,2,1,1,3,3
"Baralho da Ousadia","39","Tente lamber seus próprios mamilos.","Despir",0.02,0.1,0.12,24.32,24,29,8.00,11.41,10,41,4.00,14.00,0,0,0,1,1,0,0,2,1,3,3,0,0,1,0,3,1,1,2,2,0,3,1,0,1,0,0,3,4,0,3,2,0,3,0,0,1,1,0,1,2,0,2,2
"Baralho da Ousadia","64","Beije todo o corpo do seu parceiro nu na frente do espelho.","Íntimo",0.17,0.15,0.32,24.50,24,30,10.00,12.41,8,42,8.00,16.00,1,0,1,1,1,0,0,2,2,0,1,1,3,0,0,0,2,2,2,1,2,1,2,1,1,0,1,2,0,5,0,0,0,0,2,0,3,2,0,1,1,3,0,3
"Baralho da Ousadia","25","Esfregue os mamilos até ficarem duros. Seu parceiro não tem permissão para te ajudar.","Provocação",0.11,-0.15,-0.04,24.58,27,37,10.00,12.25,7,39,8.00,10.00,0,2,1,0,1,1,2,0,1,0,2,0,0,2,1,3,1,0,1,3,0,0,1,2,1,0,0,0,4,2,2,1,1,0,0,0,5,4,1,3,0,2,0,0
"Baralho da Ousadia","35","Tire apenas o sutiã e entregue-o nas mãos do seu parceiro, sem tirar a camisa.","Despir",-0.07,0.1,0.03,24.58,27,31,10.00,12.14,8,40,4.00,12.00,2,0,0,0,0,2,1,2,1,1,0,2,1,0,2,0,1,3,1,1,1,0,0,3,1,0,0,1,1,2,5,3,0,0,2,1,1,2,1,1,2,1,0,2
"Baralho da Ousadia","78","Sente-se nos órgãos genitais do seu parceiro e se esfregue, você não pode usar as mãos. Por duas rodadas","Íntimo",-0.1,0.15,0.05,24.84,24,42,8.00,13.60,7,42,6.00,22.00,0,2,1,0,0,1,2,2,0,0,2,1,2,2,3,0,0,3,0,0,1,2,0,2,1,1,1,0,0,1,1,1,0,0,1,1,2,1,2,1,1,4,2,3
"Baralho da Ousadia","56","Amarre a mão do seu parceiro e escolha uma parte do seu corpo para beijar.","Domínio",0.12,0,0.12,25.12,28,44,8.00,12.31,7,41,8.00,16.00,1,1,0,2,0,1,2,0,0,1,3,0,2,0,1,0,0,0,0,1,1,0,2,1,2,2,2,3,3,3,2,1,0,0,3,0,1,0,1,2,2,0,0,4
"Baralho da Ousadia","47","Aperte lentamente a virilha do seu parceiro.","Provocação",0.14,-0.15,-0.01,25.66,28,34,8.00,12.31,7,42,6.00,18.00,0,1,2,0,0,2,1,1,0,0,0,3,1,1,1,2,0,1,0,0,1,1,2,1,0,2,1,3,1,1,0,2,3,4,1,0,2,0,0,1,2,3,3,0
"Baralho da Ousadia","33","Faça um pequeno striptease, mas apenas da cintura para cima.","Despir",0.04,0.1,0.14,25.72,27,29,12.00,11.33,9,42,4.00,16.00,1,0,0,1,0,2,0,1,1,1,0,1,0,1,0,1,0,1,3,3,2,1,1,0,1,3,1,0,6,1,2,2,0,1,1,1,0,1,1,2,0,2,4,0
"Baralho da Ousadia","12","Tire uma das peças de roupa.","Despir",-0.05,0.1,0.05,26.42,27,40,8.00,11.61,10,40,2.00,18.00,1,0,0,0,0,1,0,2,0,2,1,0,2,0,2,1,0,2,1,0,2,3,1,2,0,2,2,1,0,1,1,1,1,2,1,3,2,1,0,4,0,0,2,3
"Baralho da Ousadia","75","Dancem nus com seu parceiro.","Íntimo",0.12,0.15,0.27,28.30,30,41,10.00,12.24,11,42,6.00,26.00,1,1,1,0,0,0,0,0,1,1,1,0,0,1,1,1,3,0,2,1,1,0,1,2,1,2,0,1,2,1,0,1,1,2,0,1,2,3,1,1,5,4,1,2
"Baralho da Ousadia","63","Faça um boquete no seu parceiro.","Íntimo",0.1,0.15,0.25,28.36,30,43,10.00,12.37,12,43,8.00,28.00,2,0,1,0,1,0,0,0,1,0,0,1,0,1,2,2,1,0,0,1,1,1,1,1,1,0,1,3,1,4,1,2,1,3,0,0,0,1,1,2,1,4,5,2
"Baralho da Ousadia","79","Sente-se nos órgãos genitais do seu parceiro e se esfregue, você não pode usar as mãos. Por duas rodadas","Íntimo",0.19,0.15,0.34,28.70,30,40,10.00,11.13,12,41,2.00,24.00,0,0,1,0,0,0,1,1,0,0,1,3,1,0,1,1,1,0,0,0,0,0,4,1,3,0,2,3,0,2,0,2,3,0,0,3,1,1,2,5,2,2,2,1
"Baralho da Ousadia","61","Deixe seu parceiro observar você se masturbar por dois minuto.","Íntimo",0.2,0.15,0.35,29.22,31,22,12.00,11.43,14,43,0.00,28.00,0,0,0,0,0,1,1,1,1,0,0,0,1,1,0,1,1,2,0,2,2,6,1,0,0,0,1,2,0,1,1,0,0,2,2,2,0,1,3,1,6,1,3,3
"Baralho da Ousadia","54","Tire uma foto sexy de nudez e envie para seu parceiro.","Despir",0.18,0.1,0.28,29.26,32,39,8.00,11.37,12,42,2.00,24.00,0,0,0,1,0,0,0,0,0,3,1,1,0,3,0,0,2,1,0,1,1,0,0,2,1,2,2,1,2,0,1,1,3,0,2,0,0,3,4,2,2,4,2,2
"Verdade ou Sacanagem","v5","Qual foi a melhor transa que já teve com seu amor?","Verdade",-0.11,-0.18,-0.29,11.40,10,2,8.00,7.56,3,23,28.00,0.00,1,4,4,3,2,1,2,3,3,3,4,0,2,3,2,2,2,0,1,1,1,0,1,0,0,3,0,1,1,0,0,0,0,0,0,0,0,,,,,,,
"Verdade ou Sacanagem","v14","Cite a primeira coisa que lhe vem à mente quando fala-se em sexo.","Verdade",-0.15,-0.18,-0.33,11.42,9,1,10.00,9.40,2,26,40.00,4.00,5,5,2,3,5,1,2,2,1,0,2,1,3,3,1,1,2,0,1,2,0,0,1,1,0,1,1,0,0,1,1,0,0,2,0,0,0,,,,,,,
"Verdade ou Sacanagem","v6","Qual foi o melhor oral que já teve do seu amor?","Verdade",-0.09,-0.18,-0.27,13.90,13,13,10.00,8.63,2,25,16.00,4.00,3,3,1,1,0,1,2,4,0,3,2,3,5,4,1,0,0,3,3,2,1,0,1,1,1,0,0,1,1,0,0,1,0,0,2,0,0,,,,,,,
"Verdade ou Sacanagem","v3","Diga o que mais gosta no corpo do seu amor.","Verdade",-0.17,-0.18,-0.35,14.76,14,1,10.00,10.54,2,31,28.00,4.00,5,3,2,2,2,2,3,1,0,1,0,2,1,2,1,1,0,2,1,0,4,3,0,2,0,0,3,0,0,1,3,1,1,1,0,0,0,,,,,,,
"Verdade ou Sacanagem","v4","Conte o que te deixa excitado.","Verdade",0,-0.18,-0.18,14.84,13,16,10.00,10.16,3,29,22.00,4.00,2,2,4,1,2,2,4,2,2,2,0,2,1,0,0,5,0,1,1,0,1,1,4,0,0,2,2,1,1,1,1,1,0,0,1,1,0,,,,,,,
"Verdade ou Sacanagem","v10","O que você mais gosta de ouvir durante o sexo?","Verdade",-0.04,-0.18,-0.22,14.88,12,22,8.00,10.11,3,32,20.00,8.00,2,2,2,3,1,2,1,3,3,2,2,3,2,1,1,0,2,0,2,0,1,4,1,1,1,1,0,1,0,0,0,2,1,0,0,3,0,,,,,,,
"Verdade ou Sacanagem","v7","O que você gostaria de inovar no sexo com seu amor?","Verdade",0.03,-0.18,-0.15,15.08,15,2,8.00,10.38,2,29,26.00,8.00,3,4,3,3,0,2,2,0,1,1,3,1,0,1,3,1,1,0,0,4,1,2,1,2,1,3,1,0,2,0,0,0,3,0,0,0,1,,,,,,,
"Verdade ou Sacanagem","v13","Qual posição lhe dá mais prazer?","Verdade",-0.08,-0.18,-0.26,15.48,16,1,10.00,9.91,2,29,20.00,4.00,5,1,1,1,2,4,1,2,1,1,1,0,2,2,1,1,1,1,3,1,4,0,1,0,3,1,1,2,3,1,0,0,0,2,0,0,0,,,,,,,
"Verdade ou Sacanagem","v12","Você curte produtos de sexshop? Qual você tem mais vontade de experimentar com seu amor?","Verdade",0.07,-0.18,-0.11,16.22,15,1,8.00,9.78,3,32,16.00,6.00,4,1,1,0,2,0,2,3,2,2,0,0,4,2,3,1,2,3,1,1,3,1,0,0,2,0,1,0,2,1,0,3,1,1,1,0,0,,,,,,,
"Verdade ou Sacanagem","v8","O que mais te dá tesão durante as preliminares?","Verdade",-0.02,-0.18,-0.20,16.80,16,3,12.00,11.11,3,31,24.00,10.00,0,3,6,1,2,0,3,1,0,2,3,2,0,1,0,2,1,1,2,0,2,2,0,0,0,0,1,5,1,2,2,0,0,3,1,1,0,,,,,,,
"Verdade ou Sacanagem","s1","Selinho! E um beijo beem demorado.","Sacanagem",-0.17,0.18,0.01,17.70,17,9,8.00,11.31,4,34,20.00,16.00,2,0,3,3,2,2,1,0,4,3,0,0,0,0,2,1,3,1,3,0,1,1,2,1,0,2,0,0,1,2,0,2,2,2,1,3,0,,,,,,,
"Verdade ou Sacanagem","v9","Em quais lugares, que estejam acessíveis no momento, você desejaria transar agora?","Verdade",0.14,-0.18,-0.04,17.94,17,6,8.00,10.23,6,32,8.00,8.00,3,1,0,0,0,4,1,2,3,2,0,1,1,3,1,1,3,2,0,3,1,1,2,0,0,0,2,1,2,4,0,2,0,2,0,2,0,,,,,,,
"Verdade ou Sacanagem","v2","Conte um fetiche.","Verdade",0.09,-0.18,-0.09,18.12,18,5,8.00,10.84,4,34,20.00,12.00,3,2,0,1,4,0,1,0,0,3,3,1,0,1,2,1,2,3,1,2,1,0,1,2,3,0,2,2,1,0,0,2,0,1,1,1,3,,,,,,,
"Verdade ou Sacanagem","v11","Você curte joguinhos eróticos? Se sim, dê exemplo de um.","Verdade",-0.03,-0.18,-0.21,18.24,19,24,10.00,9.36,6,30,10.00,8.00,0,1,0,2,2,3,2,1,1,1,0,2,4,2,0,0,0,3,2,1,1,3,2,5,1,1,2,0,2,1,0,1,1,1,0,2,0,,,,,,,
"Verdade ou Sacanagem","v15","Você assiste a vídeos pornográficos? Com que frequência e o que faz enquanto assiste? Diga com detalhes.","Verdade",0.16,-0.18,-0.02,18.44,20,2,6.00,10.21,4,33,14.00,12.00,1,3,0,2,1,1,1,2,2,0,0,2,2,1,3,2,0,1,0,2,3,3,2,2,1,3,0,1,0,3,0,0,2,0,1,0,3,,,,,,,
"Verdade ou Sacanagem","s4","Carícias em todo o tórax e barriga.","Sacanagem",-0.1,0.18,0.08,18.62,17,3,8.00,10.47,5,33,14.00,12.00,0,0,4,0,3,0,2,1,4,1,2,1,1,0,0,3,4,2,1,0,0,1,1,3,0,2,1,1,2,1,1,2,2,0,1,1,2,,,,,,,
"Verdade ou Sacanagem","s10","Strip!","Sacanagem",-0.06,0.18,0.12,18.68,16,12,14.00,10.40,6,34,10.00,16.00,0,1,1,2,1,2,2,0,0,2,0,7,2,1,4,2,1,2,0,2,0,0,0,1,1,1,0,1,1,3,2,0,1,3,3,0,1,,,,,,,
"Verdade ou Sacanagem","s5","Chupões na nuca.","Sacanagem",-0.12,0.18,0.06,18.90,20,4,10.00,11.32,4,35,16.00,18.00,1,1,1,5,0,4,1,0,1,1,1,1,2,2,1,1,0,0,1,2,1,1,2,1,3,1,2,2,0,1,0,1,1,2,2,3,1,,,,,,,
"Verdade ou Sacanagem","s3","Lambidinhas e mordidinhas na orelha.","Sacanagem",-0.18,0.18,0.00,19.36,19,25,10.00,10.46,6,34,10.00,12.00,0,1,3,1,0,3,1,1,3,1,0,1,1,1,0,2,3,3,1,1,0,1,2,0,5,2,2,1,1,0,2,1,0,1,0,1,4,,,,,,,
"Verdade ou Sacanagem","s8","Beije com vontade a parte do corpo do seu amor que você mais gosta.","Sacanagem",-0.11,0.18,0.07,19.36,20,6,8.00,10.29,6,33,4.00,12.00,1,0,0,0,1,4,3,3,2,1,0,3,1,0,1,1,1,0,1,3,0,2,2,4,1,0,1,1,3,0,2,2,2,0,2,0,2,,,,,,,
"Verdade ou Sacanagem","s18","Escolha: amasso com ou sem roupa?","Sacanagem",-0.15,0.18,0.03,19.46,20,5,8.00,9.80,6,32,10.00,10.00,0,1,0,0,4,2,0,2,2,1,2,2,0,0,2,2,3,1,1,2,2,0,0,2,3,1,1,4,0,2,2,1,1,1,1,1,1,,,,,,,
"Verdade ou Sacanagem","v1","Diga uma fantasia erótica.","Verdade",0.06,-0.18,-0.12,19.60,18,8,10.00,11.49,6,35,10.00,18.00,3,1,0,1,0,1,0,5,2,2,3,2,0,0,2,1,0,3,1,0,1,0,1,0,0,2,1,0,2,3,3,1,2,1,3,1,2,,,,,,,
"Verdade ou Sacanagem","s6","Beijos na virilha.","Sacanagem",-0.03,0.18,0.15,20.08,21,21,8.00,10.64,5,35,14.00,20.00,2,0,2,0,3,0,1,1,1,1,1,0,2,3,1,1,2,1,0,1,4,4,1,1,0,2,1,2,1,1,0,0,2,1,3,1,3,,,,,,,
"Verdade ou Sacanagem","s2","Amasso longo.","Sacanagem",-0.14,0.18,0.04,21.16,23,19,8.00,9.48,9,34,6.00,14.00,0,1,2,0,0,1,0,1,3,3,0,1,0,1,1,0,2,1,4,0,2,2,3,2,2,2,3,1,2,0,2,1,1,2,2,1,1,,,,,,,
"Verdade ou Sacanagem","s17","Escolha: Oral em você ou nele(a)?","Sacanagem",0.13,0.18,0.31,21.22,23,32,8.00,10.15,6,34,10.00,12.00,0,2,1,0,2,1,1,1,0,0,2,3,1,1,0,3,0,0,1,3,0,2,3,1,1,3,3,1,0,3,1,4,0,1,3,0,2,,,,,,,
"Verdade ou Sacanagem","s11","Masturbe-o(a).","Sacanagem",0.01,0.18,0.19,21.24,24,4,6.00,10.83,4,34,14.00,16.00,0,2,2,3,0,1,1,0,1,0,1,1,1,2,2,0,0,0,3,2,1,1,1,2,1,3,3,0,0,3,2,3,1,2,1,3,1,,,,,,,
"Verdade ou Sacanagem","s19","Escolha: Sexo oral ou Masturbação a dois?","Sacanagem",0.13,0.18,0.31,21.54,21,19,12.00,9.36,8,35,6.00,20.00,0,1,0,0,2,0,2,1,0,0,2,0,2,3,0,1,1,2,6,1,3,1,2,1,2,2,2,2,0,0,1,0,1,3,2,1,3,,,,,,,
"Verdade ou Sacanagem","s12","Faça com que ele implore(a) para fazer amor.","Sacanagem",0.07,0.18,0.25,21.76,24,25,10.00,9.32,7,34,8.00,12.00,0,1,0,3,0,1,1,0,2,0,1,0,0,1,1,2,2,2,0,2,2,3,1,3,5,0,3,1,4,0,3,0,0,1,0,4,1,,,,,,,
"Verdade ou Sacanagem","s25","Vende os olhos do seu parceiro e faça o que quiser","Sacanagem",0.05,0.18,0.23,21.90,24,31,8.00,9.75,9,33,6.00,16.00,2,0,0,0,1,0,1,1,1,2,2,1,1,2,1,1,1,1,0,1,1,2,3,3,3,2,0,3,0,0,4,2,3,0,2,2,1,,,,,,,
"Verdade ou Sacanagem","s23","Fique amarrado e vendado e deixe seu parceiro fazer o que quiser","Sacanagem",0.12,0.18,0.30,22.24,24,13,6.00,9.38,10,35,2.00,18.00,0,0,0,0,1,0,2,2,0,1,2,2,3,0,3,1,2,0,1,1,2,1,1,2,3,1,1,1,3,2,0,3,1,2,3,3,0,,,,,,,
"Verdade ou Sacanagem","s16","Escolha: Masturbá-lo(a) ou assistir ele(a) masturbando-se?","Sacanagem",-0.01,0.18,0.17,22.28,22,34,12.00,10.66,5,34,14.00,22.00,1,1,0,3,2,1,0,0,0,0,2,0,0,1,0,3,2,2,1,3,2,2,0,0,0,1,2,0,2,3,3,2,1,6,3,0,1,,,,,,,
"Verdade ou Sacanagem","s9","Beijos carinhosos nas partes íntimas.","Sacanagem",0.04,0.18,0.22,22.32,24,12,6.00,9.45,9,34,2.00,16.00,0,0,0,0,1,0,2,2,2,1,1,3,0,1,3,1,0,1,1,0,1,2,3,1,2,3,3,1,0,1,3,3,1,3,1,1,2,,,,,,,
"Verdade ou Sacanagem","s24","Amarre seu parceiro e faça o que quiser","Sacanagem",0.1,0.18,0.28,22.34,24,33,12.00,10.05,8,33,8.00,22.00,0,0,1,2,1,1,0,2,1,1,1,0,1,1,2,0,2,2,2,0,1,3,1,2,1,0,2,2,1,2,2,2,6,1,1,2,1,,,,,,,
"Verdade ou Sacanagem","s22","69","Sacanagem",0.16,0.18,0.34,22.60,26,36,8.00,10.71,7,36,8.00,22.00,0,1,2,1,0,1,1,0,1,2,2,0,1,1,1,3,1,1,1,2,0,0,1,1,0,2,2,3,2,2,2,2,1,2,2,4,2,,,,,,,
"Verdade ou Sacanagem","s15","Escolha um lugar inusitado para fazer amor agora.","Sacanagem",0.21,0.18,0.39,23.20,26,33,10.00,10.31,10,36,6.00,26.00,1,0,1,1,0,1,0,0,1,1,2,2,3,0,0,2,2,2,1,1,0,0,0,2,1,2,0,3,3,3,2,0,5,0,2,4,2,,,,,,,
"Verdade ou Sacanagem","s21","Sacanagem: “Papai e mamãe” ou “De quatro”?","Sacanagem",0.18,0.18,0.36,24.06,28,29,8.00,10.33,10,36,6.00,30.00,0,1,0,2,0,1,1,0,0,1,2,0,1,2,1,1,2,2,0,2,1,1,0,1,1,1,1,3,4,1,0,2,3,3,2,3,4,,,,,,,
"Verdade ou Sacanagem","s14","Rapidinha!","Sacanagem",0.19,0.18,0.37,25.86,30,31,12.00,9.39,11,37,4.00,28.00,0,0,1,0,1,0,0,1,0,2,1,0,0,1,3,0,0,1,2,2,1,0,3,0,2,0,0,2,2,2,6,3,4,0,3,1,6,,,,,,,
